speaker_id,region,category_id
SPK_01,Rangpur,cate_01
SPK_01,Rangpur,cate_02
SPK_02,Barishal,cate_16
SPK_02,Barishal,cate_17
SPK_03,Chittagong,cate_15
SPK_03,Chittagong,cate_16
SPK_04,Sylhet,cate_03
SPK_04,Sylhet,cate_15
SPK_05,Noakhali,cate_01
SPK_05,Noakhali,cate_02
SPK_06,Rangpur,cate_06
SPK_07,Rangpur,cate_03
SPK_08,Barishal,cate_07
SPK_08,Barishal,cate_08
SPK_09,Chittagong,cate_07
SPK_10,Sylhet,cate_11
SPK_10,Sylhet,cate_12
SPK_11,Noakhali,cate_09
SPK_11,Noakhali,cate_10
SPK_12,Rangpur,cate_07
SPK_12,Rangpur,cate_08
SPK_12,Rangpur,cate_09
SPK_13,Barishal,cate_11
SPK_13,Barishal,cate_12
SPK_14,Chittagong,cate_01
SPK_14,Chittagong,cate_02
SPK_15,Sylhet,cate_04
SPK_15,Sylhet,cate_05
SPK_16,Barishal,cate_14
SPK_16,Barishal,cate_15
SPK_17,Noakhali,cate_03
SPK_17,Noakhali,cate_04
SPK_18,Rangpur,cate_08
SPK_18,Rangpur,cate_09
SPK_19,Chittagong,cate_14
SPK_19,Chittagong,cate_17
SPK_20,Sylhet,cate_16
SPK_20,Sylhet,cate_17
SPK_21,Noakhali,cate_14
SPK_21,Noakhali,cate_15
SPK_22,Rangpur,cate_14
SPK_22,Rangpur,cate_15
SPK_23,Barishal,cate_10
SPK_23,Barishal,cate_11
SPK_24,Barishal,cate_16
SPK_24,Barishal,cate_17
SPK_25,Chittagong,cate_10
SPK_25,Chittagong,cate_11
SPK_26,Chittagong,cate_04
SPK_26,Chittagong,cate_05
SPK_26,Chittagong,cate_06
SPK_27,Sylhet,cate_08
SPK_27,Sylhet,cate_09
SPK_28,Sylhet,cate_12
SPK_28,Sylhet,cate_13
SPK_29,Noakhali,cate_13
SPK_29,Noakhali,cate_19
SPK_30,Rangpur,cate_02
SPK_31,Barishal,cate_04
SPK_32,Chittagong,cate_18
SPK_33,Sylhet,cate_01
SPK_34,Noakhali,cate_03
SPK_35,Rangpur,cate_06
SPK_36,Barishal,cate_13
SPK_36,Barishal,cate_18
SPK_36,Barishal,cate_19
SPK_37,Chittagong,cate_05
SPK_38,Noakhali,cate_08
SPK_38,Noakhali,cate_09
SPK_38,Noakhali,cate_10
SPK_39,Sylhet,cate_01
SPK_39,Sylhet,cate_02
SPK_39,Sylhet,cate_07
SPK_40,Noakhali,cate_04
SPK_40,Noakhali,cate_05
SPK_41,Rangpur,cate_18
SPK_41,Rangpur,cate_19
SPK_42,Barishal,cate_10
SPK_42,Barishal,cate_11
SPK_43,Rangpur,cate_12
SPK_43,Rangpur,cate_13
SPK_44,Chittagong,cate_05
SPK_44,Chittagong,cate_06
SPK_44,Chittagong,cate_07
SPK_45,Sylhet,cate_12
SPK_45,Sylhet,cate_13
SPK_46,Noakhali,cate_17
SPK_46,Noakhali,cate_18
SPK_46,Noakhali,cate_19
SPK_47,Barishal,cate_14
SPK_47,Barishal,cate_16
SPK_48,Chittagong,cate_03
SPK_48,Chittagong,cate_06
SPK_49,Sylhet,cate_18
SPK_49,Sylhet,cate_19
